{
  "PIV-1": "Zone 3",
  "PIV-2": "Zone 5",
  "PIV-4": "Zone 5",
  "PIV-5": "Zone 3",
  "PIV-6": "Zone 5",
  "PIV-7": "Zone 3",
  "PIV-8": "Zone 5",
  "PIV-10": "Zone 5",
  "PIV-11": "Zone 5",
  "PIV-12": "Zone 5",
  "PIV-14": "Zone 5",
  "PIV-16": "Zone 5",
  "PIV-17": "Zone 3",
  "PIV-18": "Zone 3",
  "PIV-20": "Zone 5",
  "PIV-21": "Zone 3",
  "PIV-22": "Zone 5",
  "PIV-23": "Zone 3",
  "PIV-24": "Zone 5",
  "PIV-26": "Zone 5",
  "PIV-28": "Zone 5",
  "PIV-51": "Zone 3",
  "PIV-52": "Zone 5",
  "PIV-53": "Zone 3",
  "PIV-54": "Zone 5",
  "PIV-55": "Zone 3",
  "PIV-56": "Zone 5",
  "PIV-57": "Zone 5",
  "PIV-58": "Zone 5",
  "PIV-60": "Zone 5",
  "PIV-61": "Zone 3",
  "PIV-62": "Zone 3",
  "PIV-63": "Zone 3",
  "PIV-64": "Zone 5",
  "PIV-66": "Zone 5",
  "PIV-67": "Zone 5",
  "PIV-68": "Zone 5",
  "PIV-69": "Zone 3",
  "PIV-70": "Zone 5",
  "PIV-71": "Zone 3",
  "PIV-72": "Zone 5",
  "PIV-73": "Zone 3",
  "PIV-74": "Zone 5",
  "PIV-75": "Zone 3",
  "PIV-78": "Zone 5",
  "PIV-80": "Zone 5",
  "PIV-82": "Zone 9",
  "PIV-84": "Zone 5",
  "PIV-88": "Zone 9",
  "PIV-90": "Zone 9",
  "PIV-94": "Zone 5",
  "PIV-98": "Zone 9",
  "PIV-100": "Zone 5",
  "PIV-101": "Zone 3",
  "PIV-102": "Zone 5",
  "PIV-103": "Zone 5",
  "PIV-104": "Zone 4",
  "PIV-105": "Zone 3",
  "PIV-107": "Zone 3",
  "PIV-108": "Zone 5",
  "PIV-109": "Zone 3",
  "PIV-110": "Zone 3",
  "PIV-111": "Zone 3",
  "PIV-112": "Zone 3",
  "PIV-116": "Zone 9",
  "PIV-118": "Zone 9",
  "PIV-119": "Zone 9",
  "PIV-120": "Zone 9",
  "PIV-122": "Zone 9",
  "PIV-124": "Zone 9",
  "PIV-126": "Zone 9",
  "PIV-128": "Zone 9",
  "PIV-130": "Zone 9",
  "PIV-132": "Zone 7",
  "PIV-134": "Zone 5",
  "PIV-136": "Zone 5",
  "PIV-138": "Zone 3",
  "PIV-140": "Zone 5",
  "PIV-144": "Zone 5",
  "PIV-146": "Zone 5",
  "PIV-150": "Zone 6",
  "PIV-151": "Zone 5",
  "PIV-152": "Zone 5",
  "PIV-154": "Zone 5",
  "PIV-156": "Zone 6",
  "PIV-158": "Zone 6",
  "PIV-160": "Zone 6",
  "PIV-162": "Zone 6",
  "PIV-163": "Zone 4",
  "PIV-166": "Zone 5",
  "PIV-168": "Zone 6",
  "PIV-170": "Zone 7",
  "PIV-171": "Zone 4",
  "PIV-172": "Zone 6",
  "PIV-173": "Zone 7",
  "PIV-174": "Zone 6",
  "PIV-175": "Zone 4",
  "PIV-176": "Zone 6",
  "PIV-177": "Zone 4",
  "PIV-178": "Zone 6",
  "PIV-179": "Zone 4",
  "PIV-180": "Zone 6",
  "PIV-181": "Zone 6",
  "PIV-182": "Zone 6",
  "PIV-184": "Zone 6",
  "PIV-186": "Zone 6",
  "PIV-188": "Zone 6",
  "PIV-190": "Zone 6",
  "PIV-192": "Zone 6",
  "PIV-194": "Zone 6",
  "PIV-196": "Zone 6",
  "PIV-200": "Zone 6",
  "PIV-201": "Zone 4",
  "PIV-202": "Zone 6",
  "PIV-203": "Zone 4",
  "PIV-205": "Zone 4",
  "PIV-206": "Zone 6",
  "PIV-207": "Zone 2",
  "PIV-209": "Zone 4",
  "PIV-213": "Zone 4",
  "PIV-215": "Zone 4",
  "PIV-217": "Zone 4",
  "PIV-219": "Zone 4",
  "PIV-222": "Zone 7",
  "PIV-223": "Zone 4",
  "PIV-224": "Zone 6",
  "PIV-225": "Zone 4",
  "PIV-226": "Zone 6",
  "PIV-228": "Zone 6",
  "PIV-232": "Zone 7",
  "PIV-234": "Zone 7",
  "PIV-236": "Zone 7",
  "PIV-302": "Zone 8",
  "PIV-304": "Zone 8",
  "PIV-306": "Zone 8",
  "PIV-307": "Zone 8",
  "PIV-309": "Zone 8",
  "PIV-310": "Zone 8",
  "PIV-311": "Zone 8",
  "PIV-312": "Zone 8",
  "PIV-313": "Zone 8",
  "PIV-315": "Zone 8",
  "PIV-316": "Zone 8",
  "PIV-319": "Zone 8",
  "PIV-320": "Zone 8",
  "PIV-321": "Zone 8",
  "PIV-322": "Zone 8",
  "PIV-323": "Zone 8",
  "PIV-348": "Zone 8",
  "PIV-400": "Zone 7",
  "PIV-402": "Zone 7",
  "PIV-403": "Zone 7",
  "PIV-404": "Zone 7",
  "PIV-406": "Zone 7",
  "PIV-408": "Zone 7",
  "PIV-410": "Zone 7",
  "PIV-412": "Zone 7",
  "PIV-414": "Zone 7",
  "PIV-422": "Zone 7",
  "PIV-424": "Zone 7",
  "PIV-425": "Zone 7",
  "PIV-428": "Zone 7",
  "PIV-432": "Zone 7",
  "PIV-440": "Zone 7",
  "PIV-442": "Zone 7",
  "PIV-444": "Zone 7",
  "PIV-446": "Zone 7",
  "PIV-448": "Zone 7",
  "PIV-450": "Zone 7",
  "PIV-452": "Zone 7",
  "PIV-454": "Zone 6",
  "PIV-456": "Zone 6",
  "PIV-458": "Zone 6",
  "PIV-460": "Zone 7",
  "PIV-462": "Zone 6",
  "PIV-466": "Zone 6",
  "PIV-468": "Zone 6",
  "PIV-474": "Zone 7",
  "PIV-495": "Zone 4",
  "PIV-496": "Zone 4",
  "PIV-499": "Zone 4",
  "PIV-500": "Zone 2",
  "PIV-503": "Zone 2",
  "PIV-504": "Zone 2",
  "PIV-505": "Zone 2",
  "PIV-506": "Zone 2",
  "PIV-507": "Zone 2",
  "PIV-508": "Zone 2",
  "PIV-509": "Zone 2",
  "PIV-510": "Zone 2",
  "PIV-511": "Zone 2",
  "PIV-512": "Zone 2",
  "PIV-515": "Zone 2",
  "PIV-514": "Zone 2",
  "PIV-516": "Zone 2",
  "PIV-517": "Zone 2",
  "PIV-518": "Zone 2",
  "PIV-519": "Zone 2",
  "PIV-520": "Zone 2",
  "PIV-521": "Zone 2",
  "PIV-522": "Zone 2",
  "PIV-523": "Zone 2",
  "PIV-524": "Zone 2",
  "PIV-525": "Zone 2",
  "PIV-526": "Zone 2",
  "PIV-527": "Zone 2",
  "PIV-528": "Zone 2",
  "PIV-529": "Zone 2",
  "PIV-531": "Zone 4",
  "PIV-532": "Zone 4",
  "PIV-533": "Zone 4",
  "PIV-534": "Zone 4",
  "PIV-535": "Zone 4",
  "PIV-536": "Zone 4",
  "PIV-537": "Zone 4",
  "PIV-538": "Zone 4",
  "PIV-539": "Zone 2",
  "PIV-540": "Zone 2",
  "PIV-541": "Zone 2",
  "PIV-542": "Zone 2",
  "PIV-543": "Zone 2",
  "PIV-544": "Zone 2",
  "PIV-545": "Zone 4",
  "PIV-546": "Zone 2",
  "PIV-547": "Zone 2",
  "PIV-548": "Zone 2",
  "PIV-549": "Zone 2",
  "PIV-550": "Zone 2",
  "PIV-551": "Zone 2",
  "PIV-556": "Zone 2",
  "PIV-558": "Zone 2",
  "PIV-560": "Zone 4",
  "PIV-561": "Zone 2",
  "PIV-562": "Zone 2",
  "PIV-563": "Zone 2",
  "PIV-564": "Zone 2",
  "PIV-565": "Zone 2",
  "PIV-566": "Zone 2",
  "PIV-567": "Zone 2",
  "PIV-568": "Zone 2",
  "PIV-569": "Zone 2",
  "PIV-570": "Zone 2",
  "PIV-571": "Zone 2",
  "PIV-572": "Zone 2",
  "PIV-573": "Zone 2",
  "PIV-574": "Zone 2",
  "PIV-575": "Zone 2",
  "PIV-576": "Zone 2",
  "PIV-577": "Zone 2",
  "PIV-578": "Zone 2",
  "PIV-579": "Zone 2",
  "PIV-580": "Zone 2",
  "PIV-581": "Zone 2",
  "PIV-582": "Zone 2",
  "PIV-583": "Zone 2",
  "PIV-584": "Zone 2",
  "PIV-585": "Zone 2",
  "PIV-586": "Zone 2",
  "PIV-587": "Zone 2",
  "PIV-588": "Zone 2",
  "PIV-589": "Zone 2",
  "PIV-590": "Zone 2",
  "PIV-591": "Zone 2",
  "PIV-592": "Zone 2",
  "PIV-710": "Zone 8",
  "PIV-711": "Zone 8",
  "PIV-712": "Zone 8"
}